"HITId","HITTypeId","Title","Description","Keywords","Reward","CreationTime","MaxAssignments","RequesterAnnotation","AssignmentDurationInSeconds","AutoApprovalDelayInSeconds","Expiration","NumberOfSimilarHITs","LifetimeInSeconds","AssignmentId","WorkerId","AssignmentStatus","AcceptTime","SubmitTime","AutoApprovalTime","ApprovalTime","RejectionTime","RequesterFeedback","WorkTimeInSeconds","LifetimeApprovalRate","Last30DaysApprovalRate","Last7DaysApprovalRate","Answer.Comments","Answer.English","Answer.country","Answer.paycode","Approve","Reject"
"2U6BDDP8PJWK73VALZ23W391QMG5GF","29OQ8H88MQU6YV6DJP91XXX4AX09SQ","Merry Monster Survey","Watch videos and answer questions to learn new words (45 minutes)!","psychology, language, words, sentences, judgment","$1.25","Thu Oct 24 18:54:58 GMT 2013","60","BatchId:1306006;","7200","864000","Tue Oct 29 18:54:58 GMT 2013","","","20I7Q67051QKPD93Q6HC7XML43DEYD","A1UT24L635HEZ6","Approved","Thu Oct 24 19:38:35 GMT 2013","Thu Oct 24 20:10:10 GMT 2013","Sun Nov 03 12:10:10 PST 2013","Fri Oct 25 08:58:26 PDT 2013","","","1895","100% (2/2)","100% (1/1)","100% (1/1)","","yes","USA","ge9aacc3cd75"
"2U6BDDP8PJWK73VALZ23W391QMG5GF","29OQ8H88MQU6YV6DJP91XXX4AX09SQ","Merry Monster Survey","Watch videos and answer questions to learn new words (45 minutes)!","psychology, language, words, sentences, judgment","$1.25","Thu Oct 24 18:54:58 GMT 2013","60","BatchId:1306006;","7200","864000","Tue Oct 29 18:54:58 GMT 2013","","","20O618N46UXFP3M7LP5TTDSSFPIPRT","A1ZSL5ZLN9DLAK","Approved","Fri Oct 25 00:11:28 GMT 2013","Fri Oct 25 00:46:41 GMT 2013","Sun Nov 03 16:46:41 PST 2013","Fri Oct 25 08:58:27 PDT 2013","","","2113","100% (3/3)","100% (2/2)","100% (1/1)","","no","USA","a31ebb11ce73"
"2U6BDDP8PJWK73VALZ23W391QMG5GF","29OQ8H88MQU6YV6DJP91XXX4AX09SQ","Merry Monster Survey","Watch videos and answer questions to learn new words (45 minutes)!","psychology, language, words, sentences, judgment","$1.25","Thu Oct 24 18:54:58 GMT 2013","60","BatchId:1306006;","7200","864000","Tue Oct 29 18:54:58 GMT 2013","","","20YSVQ8H88MQ7W37COMCO1R2J9E7Q7","A1B58C5V4X9IU4","Approved","Fri Oct 25 00:26:50 GMT 2013","Fri Oct 25 01:27:05 GMT 2013","Sun Nov 03 17:27:05 PST 2013","Fri Oct 25 08:58:27 PDT 2013","","","3615","100% (1/1)","100% (1/1)","100% (1/1)","thanks","yes","USA","b1cc1989e1j81"
"2U6BDDP8PJWK73VALZ23W391QMG5GF","29OQ8H88MQU6YV6DJP91XXX4AX09SQ","Merry Monster Survey","Watch videos and answer questions to learn new words (45 minutes)!","psychology, language, words, sentences, judgment","$1.25","Thu Oct 24 18:54:58 GMT 2013","60","BatchId:1306006;","7200","864000","Tue Oct 29 18:54:58 GMT 2013","","","2118D8J3VE7W5IBPMP73SCKDWWAYIW","AQ9D8UDGUVBHS","Approved","Thu Oct 24 18:56:19 GMT 2013","Thu Oct 24 19:25:44 GMT 2013","Sun Nov 03 11:25:44 PST 2013","Fri Oct 25 08:58:27 PDT 2013","","","1765","100% (2/2)","100% (1/1)","100% (1/1)","","yes","USA","c2dec6a9c3a6"
"2U6BDDP8PJWK73VALZ23W391QMG5GF","29OQ8H88MQU6YV6DJP91XXX4AX09SQ","Merry Monster Survey","Watch videos and answer questions to learn new words (45 minutes)!","psychology, language, words, sentences, judgment","$1.25","Thu Oct 24 18:54:58 GMT 2013","60","BatchId:1306006;","7200","864000","Tue Oct 29 18:54:58 GMT 2013","","","214JK63ZVE3H4Q2W6NH9PL5WPIWZA7","A2AE9E1ATCKVGG","Approved","Thu Oct 24 20:41:26 GMT 2013","Thu Oct 24 20:58:25 GMT 2013","Sun Nov 03 12:58:25 PST 2013","Fri Oct 25 08:58:27 PDT 2013","","","1019","100% (1/1)","100% (1/1)","100% (1/1)","had technical difficulties with this HIT!
my test video and the first verb of the task were fine - but then the words and the video didn't stopped showing up.
I'm disappointed because I was really interested in this task. :(","yes","USA",""
"2U6BDDP8PJWK73VALZ23W391QMG5GF","29OQ8H88MQU6YV6DJP91XXX4AX09SQ","Merry Monster Survey","Watch videos and answer questions to learn new words (45 minutes)!","psychology, language, words, sentences, judgment","$1.25","Thu Oct 24 18:54:58 GMT 2013","60","BatchId:1306006;","7200","864000","Tue Oct 29 18:54:58 GMT 2013","","","22FQQ7Q670513AUPFETTWC128LSWCZ","AV4L0OFBYJUMN","Approved","Fri Oct 25 00:49:11 GMT 2013","Fri Oct 25 01:43:42 GMT 2013","Sun Nov 03 17:43:42 PST 2013","Fri Oct 25 08:58:27 PDT 2013","","","3271","100% (1/1)","100% (1/1)","100% (1/1)","","yes","USA","d180c7a7b9i92"
"2U6BDDP8PJWK73VALZ23W391QMG5GF","29OQ8H88MQU6YV6DJP91XXX4AX09SQ","Merry Monster Survey","Watch videos and answer questions to learn new words (45 minutes)!","psychology, language, words, sentences, judgment","$1.25","Thu Oct 24 18:54:58 GMT 2013","60","BatchId:1306006;","7200","864000","Tue Oct 29 18:54:58 GMT 2013","","","22O1VP9746OQEI5SEKH6D056CPC0K4","A9T6IUT2U5T9V","Approved","Fri Oct 25 00:08:27 GMT 2013","Fri Oct 25 00:56:01 GMT 2013","Sun Nov 03 16:56:01 PST 2013","Fri Oct 25 08:58:28 PDT 2013","","","2854","100% (1/1)","100% (1/1)","100% (1/1)","","yes","USA","a169b0c142h69"
"2U6BDDP8PJWK73VALZ23W391QMG5GF","29OQ8H88MQU6YV6DJP91XXX4AX09SQ","Merry Monster Survey","Watch videos and answer questions to learn new words (45 minutes)!","psychology, language, words, sentences, judgment","$1.25","Thu Oct 24 18:54:58 GMT 2013","60","BatchId:1306006;","7200","864000","Tue Oct 29 18:54:58 GMT 2013","","","24426DG67D1XGLIH8D3OQ2JJNRDF8A","ARF56172XLAEU","Approved","Fri Oct 25 00:32:35 GMT 2013","Fri Oct 25 01:14:57 GMT 2013","Sun Nov 03 17:14:57 PST 2013","Fri Oct 25 08:58:28 PDT 2013","","","2542","100% (2/2)","100% (1/1)","100% (1/1)","At first, I was focusing on the object.  It took a while for me to realize that I should have been looking at the verb or action.  I was also concentrating on the red cross.  It was a little tedious, but I hope it helps your research.","yes","USA","d3cc330688i84"
"2U6BDDP8PJWK73VALZ23W391QMG5GF","29OQ8H88MQU6YV6DJP91XXX4AX09SQ","Merry Monster Survey","Watch videos and answer questions to learn new words (45 minutes)!","psychology, language, words, sentences, judgment","$1.25","Thu Oct 24 18:54:58 GMT 2013","60","BatchId:1306006;","7200","864000","Tue Oct 29 18:54:58 GMT 2013","","","245D8XMB3Q39CQT8I6F6Z4E0EWRGR8","AJB0OAEIYGY87","Approved","Thu Oct 24 20:46:20 GMT 2013","Thu Oct 24 21:44:49 GMT 2013","Sun Nov 03 13:44:49 PST 2013","Fri Oct 25 08:58:28 PDT 2013","","","3509","100% (3/3)","100% (1/1)","100% (1/1)","While the videos did load quickly and all at the same rate, a few of them only displayed a black screen on the first showing. I don't know if this was intentional or not.","yes","USA","h1f0d062b4a142"
"2U6BDDP8PJWK73VALZ23W391QMG5GF","29OQ8H88MQU6YV6DJP91XXX4AX09SQ","Merry Monster Survey","Watch videos and answer questions to learn new words (45 minutes)!","psychology, language, words, sentences, judgment","$1.25","Thu Oct 24 18:54:58 GMT 2013","60","BatchId:1306006;","7200","864000","Tue Oct 29 18:54:58 GMT 2013","","","24PFCD45XCET03APHX9N9TGUQ39XZD","A2RHXND42JWM92","Approved","Thu Oct 24 21:04:31 GMT 2013","Thu Oct 24 22:02:07 GMT 2013","Sun Nov 03 14:02:07 PST 2013","Fri Oct 25 08:58:28 PDT 2013","","","3456","100% (2/2)","100% (1/1)","100% (1/1)","","yes","USA","e11bab80c1f155"
"2U6BDDP8PJWK73VALZ23W391QMG5GF","29OQ8H88MQU6YV6DJP91XXX4AX09SQ","Merry Monster Survey","Watch videos and answer questions to learn new words (45 minutes)!","psychology, language, words, sentences, judgment","$1.25","Thu Oct 24 18:54:58 GMT 2013","60","BatchId:1306006;","7200","864000","Tue Oct 29 18:54:58 GMT 2013","","","26WZMAZHHRRLSGIQB0MRN1KMAESCLQ","A30N6B1BDL9V8W","Approved","Fri Oct 25 01:01:29 GMT 2013","Fri Oct 25 02:28:50 GMT 2013","Sun Nov 03 18:28:50 PST 2013","Fri Oct 25 08:58:28 PDT 2013","","","5241","100% (2/2)","100% (1/1)","100% (1/1)","The little monster looked cute","yes","USA","g2b5f4eeb4g96"
"2U6BDDP8PJWK73VALZ23W391QMG5GF","29OQ8H88MQU6YV6DJP91XXX4AX09SQ","Merry Monster Survey","Watch videos and answer questions to learn new words (45 minutes)!","psychology, language, words, sentences, judgment","$1.25","Thu Oct 24 18:54:58 GMT 2013","60","BatchId:1306006;","7200","864000","Tue Oct 29 18:54:58 GMT 2013","","","276RSQV66RLPU8B558NA1KIBORG4C6","AQ277F26ZFB1K","Approved","Thu Oct 24 23:59:56 GMT 2013","Fri Oct 25 00:48:04 GMT 2013","Sun Nov 03 16:48:04 PST 2013","Fri Oct 25 08:58:28 PDT 2013","","","2888","100% (2/2)","100% (1/1)","100% (1/1)","it worked fine thanks","yes","USA","a35a58d541a62"
"2U6BDDP8PJWK73VALZ23W391QMG5GF","29OQ8H88MQU6YV6DJP91XXX4AX09SQ","Merry Monster Survey","Watch videos and answer questions to learn new words (45 minutes)!","psychology, language, words, sentences, judgment","$1.25","Thu Oct 24 18:54:58 GMT 2013","60","BatchId:1306006;","7200","864000","Tue Oct 29 18:54:58 GMT 2013","","","291RNDWIOV1SKI55167U73YILCYHWS","AMQ2SGE3VBIYA","Approved","Thu Oct 24 22:10:07 GMT 2013","Thu Oct 24 22:59:47 GMT 2013","Sun Nov 03 14:59:47 PST 2013","Fri Oct 25 08:58:29 PDT 2013","","","2980","100% (3/3)","100% (1/1)","100% (1/1)","All of the screens seemed to play OK but some of them just showed a black screen at first.","yes","USA","b1e49397d0g3"
"2U6BDDP8PJWK73VALZ23W391QMG5GF","29OQ8H88MQU6YV6DJP91XXX4AX09SQ","Merry Monster Survey","Watch videos and answer questions to learn new words (45 minutes)!","psychology, language, words, sentences, judgment","$1.25","Thu Oct 24 18:54:58 GMT 2013","60","BatchId:1306006;","7200","864000","Tue Oct 29 18:54:58 GMT 2013","","","298KPEIB9BAWYI4ZD3WV3UD88Z0X01","AFZ3OILHAA7V3","Approved","Fri Oct 25 02:40:47 GMT 2013","Fri Oct 25 03:29:20 GMT 2013","Sun Nov 03 19:29:20 PST 2013","Fri Oct 25 08:58:29 PDT 2013","","","2913","100% (1/1)","100% (1/1)","100% (1/1)","","yes","USA","b1195390e4i120"
"2U6BDDP8PJWK73VALZ23W391QMG5GF","29OQ8H88MQU6YV6DJP91XXX4AX09SQ","Merry Monster Survey","Watch videos and answer questions to learn new words (45 minutes)!","psychology, language, words, sentences, judgment","$1.25","Thu Oct 24 18:54:58 GMT 2013","60","BatchId:1306006;","7200","864000","Tue Oct 29 18:54:58 GMT 2013","","","29NXX2Q45UUK3EGIBVN1TS8T27ZSA6","A3KJLIECERAOAD","Approved","Fri Oct 25 05:46:23 GMT 2013","Fri Oct 25 06:37:18 GMT 2013","Sun Nov 03 22:37:18 PST 2013","Fri Oct 25 08:58:29 PDT 2013","","","3055","100% (1/1)","100% (1/1)","100% (1/1)","","","","ce22aaab2h135"
"2U6BDDP8PJWK73VALZ23W391QMG5GF","29OQ8H88MQU6YV6DJP91XXX4AX09SQ","Merry Monster Survey","Watch videos and answer questions to learn new words (45 minutes)!","psychology, language, words, sentences, judgment","$1.25","Thu Oct 24 18:54:58 GMT 2013","60","BatchId:1306006;","7200","864000","Tue Oct 29 18:54:58 GMT 2013","","","29YR70G5R98DL9LX2KNSYTN3YL9BR0","AYQ49KEU8KNCV","Approved","Fri Oct 25 00:31:04 GMT 2013","Fri Oct 25 01:30:05 GMT 2013","Sun Nov 03 17:30:05 PST 2013","Fri Oct 25 08:58:29 PDT 2013","","","3541","100% (2/2)","100% (1/1)","100% (1/1)","i thought it was a little repitious","yes","USA","d3d47a9b63h90"
"2U6BDDP8PJWK73VALZ23W391QMG5GF","29OQ8H88MQU6YV6DJP91XXX4AX09SQ","Merry Monster Survey","Watch videos and answer questions to learn new words (45 minutes)!","psychology, language, words, sentences, judgment","$1.25","Thu Oct 24 18:54:58 GMT 2013","60","BatchId:1306006;","7200","864000","Tue Oct 29 18:54:58 GMT 2013","","","2ABG5TYMNCWYOURHX5JSNX165SGNJU","A2TXY3MMY6ZLA5","Approved","Thu Oct 24 23:44:51 GMT 2013","Thu Oct 24 23:45:09 GMT 2013","Sun Nov 03 15:45:09 PST 2013","Fri Oct 25 08:58:29 PDT 2013","","","18","100% (1/1)","100% (1/1)","100% (1/1)","","yes","USA","f2eba5ff17d34"
"2U6BDDP8PJWK73VALZ23W391QMG5GF","29OQ8H88MQU6YV6DJP91XXX4AX09SQ","Merry Monster Survey","Watch videos and answer questions to learn new words (45 minutes)!","psychology, language, words, sentences, judgment","$1.25","Thu Oct 24 18:54:58 GMT 2013","60","BatchId:1306006;","7200","864000","Tue Oct 29 18:54:58 GMT 2013","","","2AGHOVR14IXK1S3BQU5C2A62P24786","A1XOCYNPXTMX26","Approved","Thu Oct 24 22:37:42 GMT 2013","Thu Oct 24 23:25:30 GMT 2013","Sun Nov 03 15:25:30 PST 2013","Fri Oct 25 08:58:29 PDT 2013","","","2868","100% (2/2)","100% (1/1)","100% (1/1)","Thanks!","yes","USA","j26d9ea231h14"
"2U6BDDP8PJWK73VALZ23W391QMG5GF","29OQ8H88MQU6YV6DJP91XXX4AX09SQ","Merry Monster Survey","Watch videos and answer questions to learn new words (45 minutes)!","psychology, language, words, sentences, judgment","$1.25","Thu Oct 24 18:54:58 GMT 2013","60","BatchId:1306006;","7200","864000","Tue Oct 29 18:54:58 GMT 2013","","","2AJYNJ92NJKMDVTO76LH4W2LFTZC7R","A2ETKEXXYV4WBF","Approved","Thu Oct 24 23:30:36 GMT 2013","Fri Oct 25 00:05:07 GMT 2013","Sun Nov 03 16:05:07 PST 2013","Fri Oct 25 08:58:30 PDT 2013","","","2071","100% (3/3)","100% (1/1)","100% (1/1)","at times I did not clearly understand the meanings of the words, and 16 of 16 was too quick for me to answer whether or not I saw the +
Very interesting study thank you for the opportunity to participate","yes","USA","g1e635d0ded45"
"2U6BDDP8PJWK73VALZ23W391QMG5GF","29OQ8H88MQU6YV6DJP91XXX4AX09SQ","Merry Monster Survey","Watch videos and answer questions to learn new words (45 minutes)!","psychology, language, words, sentences, judgment","$1.25","Thu Oct 24 18:54:58 GMT 2013","60","BatchId:1306006;","7200","864000","Tue Oct 29 18:54:58 GMT 2013","","","2BP3V0FK0COKF9W3AKGKQ9LWI9CHOR","A1GH8C4AAIHDQZ","Approved","Thu Oct 24 20:04:48 GMT 2013","Thu Oct 24 21:06:51 GMT 2013","Sun Nov 03 13:06:51 PST 2013","Fri Oct 25 08:58:30 PDT 2013","","","3723","100% (3/3)","100% (1/1)","100% (1/1)","","yes","USA","i3bc7904ffe98"
"2U6BDDP8PJWK73VALZ23W391QMG5GF","29OQ8H88MQU6YV6DJP91XXX4AX09SQ","Merry Monster Survey","Watch videos and answer questions to learn new words (45 minutes)!","psychology, language, words, sentences, judgment","$1.25","Thu Oct 24 18:54:58 GMT 2013","60","BatchId:1306006;","7200","864000","Tue Oct 29 18:54:58 GMT 2013","","","2BWIXKO2L92HR2ECUAUYUCCKMF2DEZ","A3BX3N8LTK7AHR","Approved","Thu Oct 24 19:16:06 GMT 2013","Thu Oct 24 19:52:12 GMT 2013","Sun Nov 03 11:52:12 PST 2013","Fri Oct 25 08:58:30 PDT 2013","","","2166","100% (1/1)","100% (1/1)","100% (1/1)","","","","j1fecbb336e42"
"2U6BDDP8PJWK73VALZ23W391QMG5GF","29OQ8H88MQU6YV6DJP91XXX4AX09SQ","Merry Monster Survey","Watch videos and answer questions to learn new words (45 minutes)!","psychology, language, words, sentences, judgment","$1.25","Thu Oct 24 18:54:58 GMT 2013","60","BatchId:1306006;","7200","864000","Tue Oct 29 18:54:58 GMT 2013","","","2C521O3W5XH0WF7U6FBYKPLXBAEHB8","A1CG80Y4DFVB9","Approved","Thu Oct 24 19:02:08 GMT 2013","Thu Oct 24 19:35:44 GMT 2013","Sun Nov 03 11:35:44 PST 2013","Fri Oct 25 08:58:30 PDT 2013","","","2016","100% (2/2)","100% (1/1)","100% (1/1)","","yes","USA","gda19b351b21"
"2U6BDDP8PJWK73VALZ23W391QMG5GF","29OQ8H88MQU6YV6DJP91XXX4AX09SQ","Merry Monster Survey","Watch videos and answer questions to learn new words (45 minutes)!","psychology, language, words, sentences, judgment","$1.25","Thu Oct 24 18:54:58 GMT 2013","60","BatchId:1306006;","7200","864000","Tue Oct 29 18:54:58 GMT 2013","","","2DI0JG5TYMNC9OT6XS0SYSH2N4YLH5","A2510J83YFOU8V","Approved","Thu Oct 24 19:23:50 GMT 2013","Thu Oct 24 20:00:11 GMT 2013","Sun Nov 03 12:00:11 PST 2013","Fri Oct 25 08:58:30 PDT 2013","","","2181","100% (1/1)","100% (1/1)","100% (1/1)","","yes","USA","ebda1f868j53"
"2U6BDDP8PJWK73VALZ23W391QMG5GF","29OQ8H88MQU6YV6DJP91XXX4AX09SQ","Merry Monster Survey","Watch videos and answer questions to learn new words (45 minutes)!","psychology, language, words, sentences, judgment","$1.25","Thu Oct 24 18:54:58 GMT 2013","60","BatchId:1306006;","7200","864000","Tue Oct 29 18:54:58 GMT 2013","","","2DLVOK5UFJ51BX8GCC6YWS1HEWU69L","A21U6G1X4KJRQQ","Approved","Thu Oct 24 18:57:21 GMT 2013","Thu Oct 24 19:29:25 GMT 2013","Sun Nov 03 11:29:25 PST 2013","Fri Oct 25 08:58:31 PDT 2013","","","1924","100% (1/1)","100% (1/1)","100% (1/1)","","yes","USA","h2878e2016d9"
"2U6BDDP8PJWK73VALZ23W391QMG5GF","29OQ8H88MQU6YV6DJP91XXX4AX09SQ","Merry Monster Survey","Watch videos and answer questions to learn new words (45 minutes)!","psychology, language, words, sentences, judgment","$1.25","Thu Oct 24 18:54:58 GMT 2013","60","BatchId:1306006;","7200","864000","Tue Oct 29 18:54:58 GMT 2013","","","2EB3NAB6BFMFSEG066STPFDL0XCHUK","A18TABDP092GYT","Approved","Fri Oct 25 00:11:52 GMT 2013","Fri Oct 25 01:09:19 GMT 2013","Sun Nov 03 17:09:19 PST 2013","Fri Oct 25 08:58:31 PDT 2013","","","3447","100% (2/2)","100% (1/1)","100% (1/1)","","yes","USA","g250227433a66"
"2U6BDDP8PJWK73VALZ23W391QMG5GF","29OQ8H88MQU6YV6DJP91XXX4AX09SQ","Merry Monster Survey","Watch videos and answer questions to learn new words (45 minutes)!","psychology, language, words, sentences, judgment","$1.25","Thu Oct 24 18:54:58 GMT 2013","60","BatchId:1306006;","7200","864000","Tue Oct 29 18:54:58 GMT 2013","","","2F0B727M0IGFX7V3UB6S1F404RLYDD","A2DXF3Y88VG4KN","Approved","Thu Oct 24 20:21:25 GMT 2013","Thu Oct 24 21:11:09 GMT 2013","Sun Nov 03 13:11:09 PST 2013","Fri Oct 25 08:58:31 PDT 2013","","","2984","100% (1/1)","100% (1/1)","100% (1/1)","I noticed changes in the videos. In the first part of the survey, the videos showed a little green monster doing certain things to objects, but in the second part of the survey, the videos changed and showed humans in vehicles, aircrafts, or riding on animals.","yes","USA","i11ab3757f116"
"2U6BDDP8PJWK73VALZ23W391QMG5GF","29OQ8H88MQU6YV6DJP91XXX4AX09SQ","Merry Monster Survey","Watch videos and answer questions to learn new words (45 minutes)!","psychology, language, words, sentences, judgment","$1.25","Thu Oct 24 18:54:58 GMT 2013","60","BatchId:1306006;","7200","864000","Tue Oct 29 18:54:58 GMT 2013","","","2FKW6NG1FS3NBD1DMSSF5SZQO53KY7","AVS7MCWLGIZS7","Approved","Fri Oct 25 06:24:23 GMT 2013","Fri Oct 25 07:08:53 GMT 2013","Sun Nov 03 23:08:53 PST 2013","Fri Oct 25 08:58:31 PDT 2013","","","2670","100% (1/1)","100% (1/1)","100% (1/1)","","yes","USA","b1f9d3b2b2d139"
"2U6BDDP8PJWK73VALZ23W391QMG5GF","29OQ8H88MQU6YV6DJP91XXX4AX09SQ","Merry Monster Survey","Watch videos and answer questions to learn new words (45 minutes)!","psychology, language, words, sentences, judgment","$1.25","Thu Oct 24 18:54:58 GMT 2013","60","BatchId:1306006;","7200","864000","Tue Oct 29 18:54:58 GMT 2013","","","2FMUKQOYGNIWEDAACTR167S02E2HZI","A290OXKG2B3ZTY","Approved","Thu Oct 24 22:10:11 GMT 2013","Thu Oct 24 22:10:32 GMT 2013","Sun Nov 03 14:10:32 PST 2013","Fri Oct 25 08:58:31 PDT 2013","","","21","100% (3/3)","100% (2/2)","100% (1/1)","","yes","USA",""
"2U6BDDP8PJWK73VALZ23W391QMG5GF","29OQ8H88MQU6YV6DJP91XXX4AX09SQ","Merry Monster Survey","Watch videos and answer questions to learn new words (45 minutes)!","psychology, language, words, sentences, judgment","$1.25","Thu Oct 24 18:54:58 GMT 2013","60","BatchId:1306006;","7200","864000","Tue Oct 29 18:54:58 GMT 2013","","","2GGQ1SNQQ7Q6KQN3EX3NX12YCF98SK","A22BMTQBS4SW12","Approved","Thu Oct 24 18:56:23 GMT 2013","Thu Oct 24 19:39:55 GMT 2013","Sun Nov 03 11:39:55 PST 2013","Fri Oct 25 08:58:31 PDT 2013","","","2612","100% (1/1)","100% (1/1)","100% (1/1)","","yes","USA","f3465f36b5c4"
"2U6BDDP8PJWK73VALZ23W391QMG5GF","29OQ8H88MQU6YV6DJP91XXX4AX09SQ","Merry Monster Survey","Watch videos and answer questions to learn new words (45 minutes)!","psychology, language, words, sentences, judgment","$1.25","Thu Oct 24 18:54:58 GMT 2013","60","BatchId:1306006;","7200","864000","Tue Oct 29 18:54:58 GMT 2013","","","2GKK9RJ85OZIC4ZOYNGMUOQA0027V8","AYHQ808T8DCDL","Approved","Thu Oct 24 22:23:03 GMT 2013","Thu Oct 24 23:00:26 GMT 2013","Sun Nov 03 15:00:26 PST 2013","Fri Oct 25 08:58:32 PDT 2013","","","2243","100% (1/1)","100% (1/1)","100% (1/1)","","yes","USA","hfb2d9f4aj8"
"2U6BDDP8PJWK73VALZ23W391QMG5GF","29OQ8H88MQU6YV6DJP91XXX4AX09SQ","Merry Monster Survey","Watch videos and answer questions to learn new words (45 minutes)!","psychology, language, words, sentences, judgment","$1.25","Thu Oct 24 18:54:58 GMT 2013","60","BatchId:1306006;","7200","864000","Tue Oct 29 18:54:58 GMT 2013","","","2H1KQW618N467NXE1HWXIETSZWQOMO","A2XS8TRVII93FR","Approved","Thu Oct 24 21:20:37 GMT 2013","Thu Oct 24 22:15:38 GMT 2013","Sun Nov 03 14:15:38 PST 2013","Fri Oct 25 08:58:32 PDT 2013","","","3301","100% (1/1)","100% (1/1)","100% (1/1)","I got to 14 our of 16 verb words and then it stopped working. I don't know what happened but I did do the work and it took some time. I am going to submit this survey because I would have finished it I hope you still give me credit for it. My worker ID is A2XS8TRVII93FR Thank you","yes","USA",""
"2U6BDDP8PJWK73VALZ23W391QMG5GF","29OQ8H88MQU6YV6DJP91XXX4AX09SQ","Merry Monster Survey","Watch videos and answer questions to learn new words (45 minutes)!","psychology, language, words, sentences, judgment","$1.25","Thu Oct 24 18:54:58 GMT 2013","60","BatchId:1306006;","7200","864000","Tue Oct 29 18:54:58 GMT 2013","","","2HOGKCCVLL3CNTLO5NGQAC9SCYSW6G","A1S4PZZ326FXTX","Approved","Thu Oct 24 23:04:52 GMT 2013","Thu Oct 24 23:39:20 GMT 2013","Sun Nov 03 15:39:20 PST 2013","Fri Oct 25 08:58:32 PDT 2013","","","2068","100% (1/1)","100% (1/1)","100% (1/1)","","yes","USA","cfe36ea95e30"
"2U6BDDP8PJWK73VALZ23W391QMG5GF","29OQ8H88MQU6YV6DJP91XXX4AX09SQ","Merry Monster Survey","Watch videos and answer questions to learn new words (45 minutes)!","psychology, language, words, sentences, judgment","$1.25","Thu Oct 24 18:54:58 GMT 2013","60","BatchId:1306006;","7200","864000","Tue Oct 29 18:54:58 GMT 2013","","","2IBHSTLB3L0FO9RKCOAEPRE009CUI9","A2YPPJ71JID4IU","Approved","Thu Oct 24 23:06:25 GMT 2013","Thu Oct 24 23:55:55 GMT 2013","Sun Nov 03 15:55:55 PST 2013","Fri Oct 25 08:58:32 PDT 2013","","","2970","100% (1/1)","100% (1/1)","100% (1/1)","I noticed the color of the cross changing and the background changing colors. I also noticed a change in tools and change of upward or downward movement.","yes","USA","h38d6579bj37"
"2U6BDDP8PJWK73VALZ23W391QMG5GF","29OQ8H88MQU6YV6DJP91XXX4AX09SQ","Merry Monster Survey","Watch videos and answer questions to learn new words (45 minutes)!","psychology, language, words, sentences, judgment","$1.25","Thu Oct 24 18:54:58 GMT 2013","60","BatchId:1306006;","7200","864000","Tue Oct 29 18:54:58 GMT 2013","","","2JJJ85OZIZEHZ0SRA1FQBEWUJRLYAE","A1O1RKHN9NHE4U","Approved","Fri Oct 25 03:27:30 GMT 2013","Fri Oct 25 04:11:32 GMT 2013","Sun Nov 03 20:11:32 PST 2013","Fri Oct 25 08:58:33 PDT 2013","","","2642","100% (2/2)","100% (1/1)","100% (1/1)","none","yes","USA","j2d8d71712b125"
"2U6BDDP8PJWK73VALZ23W391QMG5GF","29OQ8H88MQU6YV6DJP91XXX4AX09SQ","Merry Monster Survey","Watch videos and answer questions to learn new words (45 minutes)!","psychology, language, words, sentences, judgment","$1.25","Thu Oct 24 18:54:58 GMT 2013","60","BatchId:1306006;","7200","864000","Tue Oct 29 18:54:58 GMT 2013","","","2LUYU98JHSTLOT323OA9OOBO0NSDPA","A1UXB67QC9HH75","Approved","Thu Oct 24 23:10:03 GMT 2013","Thu Oct 24 23:48:23 GMT 2013","Sun Nov 03 15:48:23 PST 2013","Fri Oct 25 08:58:33 PDT 2013","","","2300","100% (1/1)","100% (1/1)","100% (1/1)","","yes","USA","A1UXB67QC9HH75"
"2U6BDDP8PJWK73VALZ23W391QMG5GF","29OQ8H88MQU6YV6DJP91XXX4AX09SQ","Merry Monster Survey","Watch videos and answer questions to learn new words (45 minutes)!","psychology, language, words, sentences, judgment","$1.25","Thu Oct 24 18:54:58 GMT 2013","60","BatchId:1306006;","7200","864000","Tue Oct 29 18:54:58 GMT 2013","","","2N9DM25L8I9NCMOJ2CXOK4Q1TWORH2","A25BD766HGHCS4","Approved","Thu Oct 24 19:29:01 GMT 2013","Thu Oct 24 20:12:24 GMT 2013","Sun Nov 03 12:12:24 PST 2013","Fri Oct 25 08:58:33 PDT 2013","","","2603","100% (1/1)","100% (1/1)","100% (1/1)","Great study! I learned new words :)","yes","USA","icc32b52ef60"
"2U6BDDP8PJWK73VALZ23W391QMG5GF","29OQ8H88MQU6YV6DJP91XXX4AX09SQ","Merry Monster Survey","Watch videos and answer questions to learn new words (45 minutes)!","psychology, language, words, sentences, judgment","$1.25","Thu Oct 24 18:54:58 GMT 2013","60","BatchId:1306006;","7200","864000","Tue Oct 29 18:54:58 GMT 2013","","","2NMCF806UFBNSIDIIY63F5S1SRLE01","A1TIM3BOYT01IW","Approved","Thu Oct 24 21:32:27 GMT 2013","Thu Oct 24 23:07:55 GMT 2013","Sun Nov 03 15:07:55 PST 2013","Fri Oct 25 08:58:33 PDT 2013","","","5728","100% (1/1)","100% (1/1)","100% (1/1)","Some of the videos looked glitchy and boxy. Also, the survey was way too long for the pay. It would have been easier to pay attention and not get distracted if it hadn't been so repetitive.","yes","USA","c9529672ai10"
"2U6BDDP8PJWK73VALZ23W391QMG5GF","29OQ8H88MQU6YV6DJP91XXX4AX09SQ","Merry Monster Survey","Watch videos and answer questions to learn new words (45 minutes)!","psychology, language, words, sentences, judgment","$1.25","Thu Oct 24 18:54:58 GMT 2013","60","BatchId:1306006;","7200","864000","Tue Oct 29 18:54:58 GMT 2013","","","2O3DPGFL6VCP9PRTBQNIUV1XTVCK5U","A3CEQMY4Y51CJ0","Approved","Thu Oct 24 20:09:11 GMT 2013","Thu Oct 24 21:08:27 GMT 2013","Sun Nov 03 13:08:27 PST 2013","Fri Oct 25 08:58:33 PDT 2013","","","3556","100% (1/1)","100% (1/1)","100% (1/1)","Checking for the + every time was time consuming.","yes","USA","d46632c85a109"
"2U6BDDP8PJWK73VALZ23W391QMG5GF","29OQ8H88MQU6YV6DJP91XXX4AX09SQ","Merry Monster Survey","Watch videos and answer questions to learn new words (45 minutes)!","psychology, language, words, sentences, judgment","$1.25","Thu Oct 24 18:54:58 GMT 2013","60","BatchId:1306006;","7200","864000","Tue Oct 29 18:54:58 GMT 2013","","","2P5EY5COW0LG4PLA046LI6VSG485W2","AD45292LDLJVK","Approved","Fri Oct 25 00:57:24 GMT 2013","Fri Oct 25 01:46:34 GMT 2013","Sun Nov 03 17:46:34 PST 2013","Fri Oct 25 08:58:34 PDT 2013","","","2950","100% (1/1)","100% (1/1)","100% (1/1)","none.","yes","USA","a19bc400f3e94"
"2U6BDDP8PJWK73VALZ23W391QMG5GF","29OQ8H88MQU6YV6DJP91XXX4AX09SQ","Merry Monster Survey","Watch videos and answer questions to learn new words (45 minutes)!","psychology, language, words, sentences, judgment","$1.25","Thu Oct 24 18:54:58 GMT 2013","60","BatchId:1306006;","7200","864000","Tue Oct 29 18:54:58 GMT 2013","","","2P64EGDHDM25YY0BBCN6NEZBAHSMC8","ADAL2H41ZBWAK","Approved","Thu Oct 24 20:03:49 GMT 2013","Thu Oct 24 21:05:23 GMT 2013","Sun Nov 03 13:05:23 PST 2013","Fri Oct 25 08:58:34 PDT 2013","","","3694","100% (2/2)","100% (1/1)","100% (1/1)","","yes","USA","ad1a547c5i95"
"2U6BDDP8PJWK73VALZ23W391QMG5GF","29OQ8H88MQU6YV6DJP91XXX4AX09SQ","Merry Monster Survey","Watch videos and answer questions to learn new words (45 minutes)!","psychology, language, words, sentences, judgment","$1.25","Thu Oct 24 18:54:58 GMT 2013","60","BatchId:1306006;","7200","864000","Tue Oct 29 18:54:58 GMT 2013","","","2PB51Y7QEOZFBGA305KMUFXWZVFDGE","A200MPSU1OKLIZ","Approved","Thu Oct 24 19:07:32 GMT 2013","Thu Oct 24 19:43:26 GMT 2013","Sun Nov 03 11:43:26 PST 2013","Fri Oct 25 08:58:34 PDT 2013","","","2154","100% (1/1)","100% (1/1)","100% (1/1)","","yes","USA","b19d8d50ace37"
"2U6BDDP8PJWK73VALZ23W391QMG5GF","29OQ8H88MQU6YV6DJP91XXX4AX09SQ","Merry Monster Survey","Watch videos and answer questions to learn new words (45 minutes)!","psychology, language, words, sentences, judgment","$1.25","Thu Oct 24 18:54:58 GMT 2013","60","BatchId:1306006;","7200","864000","Tue Oct 29 18:54:58 GMT 2013","","","2PQQS1CSTMOFAHVUSV31KYDSJN6NQJ","A136UDO2ROFVX","Approved","Thu Oct 24 23:30:55 GMT 2013","Fri Oct 25 00:19:02 GMT 2013","Sun Nov 03 16:19:02 PST 2013","Fri Oct 25 08:58:34 PDT 2013","","","2887","100% (1/1)","100% (1/1)","100% (1/1)","","yes","USA","e18a33140fb47"
"2U6BDDP8PJWK73VALZ23W391QMG5GF","29OQ8H88MQU6YV6DJP91XXX4AX09SQ","Merry Monster Survey","Watch videos and answer questions to learn new words (45 minutes)!","psychology, language, words, sentences, judgment","$1.25","Thu Oct 24 18:54:58 GMT 2013","60","BatchId:1306006;","7200","864000","Tue Oct 29 18:54:58 GMT 2013","","","2QGOGQSCM6IANSAG67LU60OV6OTHH0","AG7POBADL1WV4","Approved","Thu Oct 24 22:52:12 GMT 2013","Thu Oct 24 23:16:55 GMT 2013","Sun Nov 03 15:16:55 PST 2013","Fri Oct 25 08:58:34 PDT 2013","","","1483","100% (1/1)","100% (1/1)","100% (1/1)","","yes","USA","c3e099cf9dj22"
"2U6BDDP8PJWK73VALZ23W391QMG5GF","29OQ8H88MQU6YV6DJP91XXX4AX09SQ","Merry Monster Survey","Watch videos and answer questions to learn new words (45 minutes)!","psychology, language, words, sentences, judgment","$1.25","Thu Oct 24 18:54:58 GMT 2013","60","BatchId:1306006;","7200","864000","Tue Oct 29 18:54:58 GMT 2013","","","2R7L42J1LY58OXK9AD9GLKHIN9H4P4","A3KI8YFWX7ZOXP","Approved","Thu Oct 24 19:42:40 GMT 2013","Thu Oct 24 21:11:04 GMT 2013","Sun Nov 03 13:11:04 PST 2013","Fri Oct 25 08:58:34 PDT 2013","","","5304","100% (2/2)","100% (1/1)","100% (1/1)","","yes","USA","g3e23d43d6b80"
"2U6BDDP8PJWK73VALZ23W391QMG5GF","29OQ8H88MQU6YV6DJP91XXX4AX09SQ","Merry Monster Survey","Watch videos and answer questions to learn new words (45 minutes)!","psychology, language, words, sentences, judgment","$1.25","Thu Oct 24 18:54:58 GMT 2013","60","BatchId:1306006;","7200","864000","Tue Oct 29 18:54:58 GMT 2013","","","2SMB2YU98JHS6BT59D6BP9ITXMNNBN","A8R36LINQ8Y4O","Approved","Thu Oct 24 18:58:14 GMT 2013","Thu Oct 24 19:23:11 GMT 2013","Sun Nov 03 11:23:11 PST 2013","Fri Oct 25 08:58:35 PDT 2013","","","1497","100% (3/3)","100% (1/1)","100% (1/1)","","yes","USA","g1030a9aaea7"
"2U6BDDP8PJWK73VALZ23W391QMG5GF","29OQ8H88MQU6YV6DJP91XXX4AX09SQ","Merry Monster Survey","Watch videos and answer questions to learn new words (45 minutes)!","psychology, language, words, sentences, judgment","$1.25","Thu Oct 24 18:54:58 GMT 2013","60","BatchId:1306006;","7200","864000","Tue Oct 29 18:54:58 GMT 2013","","","2SMB2YU98JHS6BT59D6BP9ITXOWBNO","A2RU6KP8KV45YH","Approved","Fri Oct 25 01:17:20 GMT 2013","Fri Oct 25 02:05:27 GMT 2013","Sun Nov 03 18:05:27 PST 2013","Fri Oct 25 08:58:35 PDT 2013","","","2887","100% (5/5)","100% (1/1)","100% (1/1)","","yes","USA","g2740ee341h100"
"2U6BDDP8PJWK73VALZ23W391QMG5GF","29OQ8H88MQU6YV6DJP91XXX4AX09SQ","Merry Monster Survey","Watch videos and answer questions to learn new words (45 minutes)!","psychology, language, words, sentences, judgment","$1.25","Thu Oct 24 18:54:58 GMT 2013","60","BatchId:1306006;","7200","864000","Tue Oct 29 18:54:58 GMT 2013","","","2T0EBDPGFL6VPFE1X4ED2IO0NVII3D","A2JEOJ901YFALH","Approved","Thu Oct 24 19:06:46 GMT 2013","Thu Oct 24 19:47:10 GMT 2013","Sun Nov 03 11:47:10 PST 2013","Fri Oct 25 08:58:35 PDT 2013","","","2424","100% (1/1)","100% (1/1)","100% (1/1)","that was the longest most mind numbing thing ive ever done in my life the pay was not worth it","yes","USA","ca9220663e46"
"2U6BDDP8PJWK73VALZ23W391QMG5GF","29OQ8H88MQU6YV6DJP91XXX4AX09SQ","Merry Monster Survey","Watch videos and answer questions to learn new words (45 minutes)!","psychology, language, words, sentences, judgment","$1.25","Thu Oct 24 18:54:58 GMT 2013","60","BatchId:1306006;","7200","864000","Tue Oct 29 18:54:58 GMT 2013","","","2TMNU8LZ6R70TV9BWQZJ9VECIWH5LK","A3TSHG5R492EHU","Submitted","Thu Oct 24 23:22:15 GMT 2013","Thu Oct 24 23:41:47 GMT 2013","Sun Nov 03 15:41:47 PST 2013","","","","1172","86% (6/7)","100% (1/1)","100% (1/1)","The survey crashed and then the video's failed to load after verb #3. Is there a way to","yes","USA",""
"2U6BDDP8PJWK73VALZ23W391QMG5GF","29OQ8H88MQU6YV6DJP91XXX4AX09SQ","Merry Monster Survey","Watch videos and answer questions to learn new words (45 minutes)!","psychology, language, words, sentences, judgment","$1.25","Thu Oct 24 18:54:58 GMT 2013","60","BatchId:1306006;","7200","864000","Tue Oct 29 18:54:58 GMT 2013","","","2U4J011K274JKZ2SKJS8T46ZJILDBV","A4GRO4JZRVP14","Submitted","Thu Oct 24 18:59:14 GMT 2013","Thu Oct 24 19:28:31 GMT 2013","Sun Nov 03 11:28:31 PST 2013","","","","1757","100% (2/2)","100% (1/1)","100% (1/1)","","yes","USA","c228acd2edd10"
"2U6BDDP8PJWK73VALZ23W391QMG5GF","29OQ8H88MQU6YV6DJP91XXX4AX09SQ","Merry Monster Survey","Watch videos and answer questions to learn new words (45 minutes)!","psychology, language, words, sentences, judgment","$1.25","Thu Oct 24 18:54:58 GMT 2013","60","BatchId:1306006;","7200","864000","Tue Oct 29 18:54:58 GMT 2013","","","2UKSZVXX2Q457K2SCB7NOW1SECH7P3","A1OOCYEFLAJD98","Submitted","Thu Oct 24 23:41:10 GMT 2013","Fri Oct 25 00:14:55 GMT 2013","Sun Nov 03 16:14:55 PST 2013","","","","2025","100% (1/1)","100% (1/1)","100% (1/1)","it was fun","","","d1f1dc51ffa50"
"2U6BDDP8PJWK73VALZ23W391QMG5GF","29OQ8H88MQU6YV6DJP91XXX4AX09SQ","Merry Monster Survey","Watch videos and answer questions to learn new words (45 minutes)!","psychology, language, words, sentences, judgment","$1.25","Thu Oct 24 18:54:58 GMT 2013","60","BatchId:1306006;","7200","864000","Tue Oct 29 18:54:58 GMT 2013","","","2V33L0FBJ9IOO9WLFRMEBRPWOQ5ZN3","A1AB1XJTUNBCAB","Submitted","Thu Oct 24 21:33:39 GMT 2013","Thu Oct 24 22:56:08 GMT 2013","Sun Nov 03 14:56:08 PST 2013","","","","4949","0% (0/0)","0% (0/0)","0% (0/0)","","no","USA","b290915be4g9"
"2U6BDDP8PJWK73VALZ23W391QMG5GF","29OQ8H88MQU6YV6DJP91XXX4AX09SQ","Merry Monster Survey","Watch videos and answer questions to learn new words (45 minutes)!","psychology, language, words, sentences, judgment","$1.25","Thu Oct 24 18:54:58 GMT 2013","60","BatchId:1306006;","7200","864000","Tue Oct 29 18:54:58 GMT 2013","","","2V7Q0ONNVRH1X76B2TIBD6N0VO2VMA","A3G4SJREB8K0BG","Submitted","Thu Oct 24 19:39:45 GMT 2013","Thu Oct 24 20:19:51 GMT 2013","Sun Nov 03 12:19:51 PST 2013","","","","2406","0% (0/0)","0% (0/0)","0% (0/0)","","yes","USA","i2b96c3b3dh77"
"2U6BDDP8PJWK73VALZ23W391QMG5GF","29OQ8H88MQU6YV6DJP91XXX4AX09SQ","Merry Monster Survey","Watch videos and answer questions to learn new words (45 minutes)!","psychology, language, words, sentences, judgment","$1.25","Thu Oct 24 18:54:58 GMT 2013","60","BatchId:1306006;","7200","864000","Tue Oct 29 18:54:58 GMT 2013","","","2VCH1Q6SVQ8HLY4SIJC5UBVH447M32","A2ERR8WC2BTETX","Submitted","Thu Oct 24 19:27:58 GMT 2013","Thu Oct 24 20:20:34 GMT 2013","Sun Nov 03 12:20:34 PST 2013","","","","3156","0% (0/0)","0% (0/0)","0% (0/0)","I was 48 minutes into this when it froze after verb 12 ""gorping"" with monsters. This is B.S. I don't accept your apology. I want to be paid for my time. If you correct your mistake, and can get the survey going again, I'll gladly finish it.","","",""
"2U6BDDP8PJWK73VALZ23W391QMG5GF","29OQ8H88MQU6YV6DJP91XXX4AX09SQ","Merry Monster Survey","Watch videos and answer questions to learn new words (45 minutes)!","psychology, language, words, sentences, judgment","$1.25","Thu Oct 24 18:54:58 GMT 2013","60","BatchId:1306006;","7200","864000","Tue Oct 29 18:54:58 GMT 2013","","","2W33Q39Z0B6U6EOVSRMSZVRP2SCLW6","A2VFJZIHLCVVFP","Submitted","Thu Oct 24 19:27:52 GMT 2013","Thu Oct 24 20:31:15 GMT 2013","Sun Nov 03 12:31:15 PST 2013","","","","3803","0% (0/0)","0% (0/0)","0% (0/0)","","yes","USA","b1222d1d07b91"
"2U6BDDP8PJWK73VALZ23W391QMG5GF","29OQ8H88MQU6YV6DJP91XXX4AX09SQ","Merry Monster Survey","Watch videos and answer questions to learn new words (45 minutes)!","psychology, language, words, sentences, judgment","$1.25","Thu Oct 24 18:54:58 GMT 2013","60","BatchId:1306006;","7200","864000","Tue Oct 29 18:54:58 GMT 2013","","","2WL6YTWX4H3HFFT61M0GO6IODFX3YN","AZ42DH0DM2PFK","Submitted","Thu Oct 24 23:51:06 GMT 2013","Fri Oct 25 00:46:02 GMT 2013","Sun Nov 03 16:46:02 PST 2013","","","","3296","0% (0/0)","0% (0/0)","0% (0/0)","Interesting Survey!","yes","USA","e13b38d676a61"
"2U6BDDP8PJWK73VALZ23W391QMG5GF","29OQ8H88MQU6YV6DJP91XXX4AX09SQ","Merry Monster Survey","Watch videos and answer questions to learn new words (45 minutes)!","psychology, language, words, sentences, judgment","$1.25","Thu Oct 24 18:54:58 GMT 2013","60","BatchId:1306006;","7200","864000","Tue Oct 29 18:54:58 GMT 2013","","","2X5WIOV1S7SNG3BIIEUYJZ8SUWUKZF","A2F6RGBCYNT5EW","Submitted","Fri Oct 25 02:11:13 GMT 2013","Fri Oct 25 03:32:35 GMT 2013","Sun Nov 03 19:32:35 PST 2013","","","","4882","0% (0/0)","0% (0/0)","0% (0/0)","this seemed very boring and pointless, and too long for the pay. other than some videos not playing it didnt change much","yes","USA","a1b95c1eec112"
"2U6BDDP8PJWK73VALZ23W391QMG5GF","29OQ8H88MQU6YV6DJP91XXX4AX09SQ","Merry Monster Survey","Watch videos and answer questions to learn new words (45 minutes)!","psychology, language, words, sentences, judgment","$1.25","Thu Oct 24 18:54:58 GMT 2013","60","BatchId:1306006;","7200","864000","Tue Oct 29 18:54:58 GMT 2013","","","2XM8LZ6R70G54ZQFWWUVK7WXEW7N7C","A26NPZZ34743A8","Submitted","Thu Oct 24 19:48:32 GMT 2013","Thu Oct 24 20:35:49 GMT 2013","Sun Nov 03 12:35:49 PST 2013","","","","2837","0% (0/0)","0% (0/0)","0% (0/0)","As I said in the study, I noticed that with the latter verbs (9 onward), I was interpreting their meaning based on the object involved, not the action. I should have caught this sooner, based on the context of the preceding questions. Based on this inference, I believe the last three entries are correct, at least when compared to the previous entries.","yes","USA","g1d0e2111cg86"
"2U6BDDP8PJWK73VALZ23W391QMG5GF","29OQ8H88MQU6YV6DJP91XXX4AX09SQ","Merry Monster Survey","Watch videos and answer questions to learn new words (45 minutes)!","psychology, language, words, sentences, judgment","$1.25","Thu Oct 24 18:54:58 GMT 2013","60","BatchId:1306006;","7200","864000","Tue Oct 29 18:54:58 GMT 2013","","","2XW6UXFCD45XP4BP15ETQIN8FJ8UWC","A2OZGNW6THEMJ","Submitted","Thu Oct 24 19:44:36 GMT 2013","Thu Oct 24 21:33:27 GMT 2013","Sun Nov 03 13:33:27 PST 2013","","","","6531","100% (2/2)","0% (0/0)","0% (0/0)","Hello! I wanted to say that I had some errors while completing this task, mostly towards the end. The speed of they survey had been going ok, but at some parts at the end it would randomly speed up and go too quickly. At one point I was unable to enter those numbers going from smallest to biggest due to the screen forwarding. 

I also noticed towards the end the clips were different. They were mostly of that monster character. And there were some parts missing. I think the 3 verb examples were taken out when it got to the monster character. 

I hope the glitches and errors I have will not lead to useless data. I'm very sorry about that!","yes","USA","f61fd8e34d121"
"2U6BDDP8PJWK73VALZ23W391QMG5GF","29OQ8H88MQU6YV6DJP91XXX4AX09SQ","Merry Monster Survey","Watch videos and answer questions to learn new words (45 minutes)!","psychology, language, words, sentences, judgment","$1.25","Thu Oct 24 18:54:58 GMT 2013","60","BatchId:1306006;","7200","864000","Tue Oct 29 18:54:58 GMT 2013","","","2YRFYQS1CSTM15FT15VII1E3ZQJOL3","AW09B85LN81ZD","Submitted","Thu Oct 24 20:00:38 GMT 2013","Thu Oct 24 20:52:01 GMT 2013","Sun Nov 03 12:52:01 PST 2013","","","","3083","0% (0/0)","0% (0/0)","0% (0/0)","","yes","USA","j1b97f48f6b99"
"2U6BDDP8PJWK73VALZ23W391QMG5GF","29OQ8H88MQU6YV6DJP91XXX4AX09SQ","Merry Monster Survey","Watch videos and answer questions to learn new words (45 minutes)!","psychology, language, words, sentences, judgment","$1.25","Thu Oct 24 18:54:58 GMT 2013","60","BatchId:1306006;","7200","864000","Tue Oct 29 18:54:58 GMT 2013","","","2ZKI2KYEPLSPKV2NAJNJ9OAMCHYUOP","A1SGZURHVDM30V","Submitted","Thu Oct 24 18:58:33 GMT 2013","Thu Oct 24 19:33:05 GMT 2013","Sun Nov 03 11:33:05 PST 2013","","","","2072","0% (0/0)","0% (0/0)","0% (0/0)","","yes","USA","j34fd460e6h11"